{
  "pipeline_c_yolo26_igev_20260708_103240": {
    "meta": {
      "model_type": "pipeline_c",
      "use_depth_context": false,
      "use_gaussian_attn": true,
      "camera_backbone": "yolo26"
    },
    "timing": {
      "lidar_branch": {
        "mean_ms": 21.6364656829834,
        "std_ms": 22.746213194790155,
        "min_ms": 10.569791793823242,
        "max_ms": 95.50537872314453,
        "p50_ms": 14.889488220214844,
        "p95_ms": 89.4557346343994
      },
      "camera_branch": {
        "mean_ms": 38.06180946350098,
        "std_ms": 47.979999492873546,
        "min_ms": 18.504671096801758,
        "max_ms": 201.01455688476562,
        "p50_ms": 21.70439910888672,
        "p95_ms": 178.79442443847657
      },
      "fusion_block": {
        "mean_ms": 9.361927366256714,
        "std_ms": 0.5078421718255747,
        "min_ms": 8.517631530761719,
        "max_ms": 11.897791862487793,
        "p50_ms": 9.248239994049072,
        "p95_ms": 10.635556411743163
      },
      "detection_head": {
        "mean_ms": 0.6536876791715622,
        "std_ms": 0.034924699432924824,
        "min_ms": 0.5683199763298035,
        "max_ms": 0.7618880271911621,
        "p50_ms": 0.6625279784202576,
        "p95_ms": 0.694271981716156
      },
      "net_forward": {
        "mean_ms": 69.7138903427124,
        "std_ms": 70.93308040192184,
        "min_ms": 40.633758544921875,
        "max_ms": 303.8946838378906,
        "p50_ms": 46.31321716308594,
        "p95_ms": 278.8013488769531
      },
      "decoder": {
        "mean_ms": 4.790368380345171,
        "std_ms": 10.924177971742077,
        "min_ms": 1.548768996144645,
        "max_ms": 86.03369099728297,
        "p50_ms": 1.8111780009348877,
        "p95_ms": 13.931975546438478
      },
      "total_e2e": {
        "mean_ms": 74.50425872305757,
        "std_ms": 74.44400976119593,
        "min_ms": 42.29750672506634,
        "max_ms": 317.4475868391455,
        "p50_ms": 48.18857616421883,
        "p95_ms": 291.89300361553904
      },
      "summary": {
        "fps": 13.422051532881301,
        "fps_p50": 20.751806332525007,
        "mean_total_ms": 74.50425872305757,
        "p50_total_ms": 48.18857616421883
      }
    }
  },
  "pipeline_c_yolo26_igev_20260708_001858": {
    "meta": {
      "model_type": "pipeline_c",
      "use_depth_context": true,
      "use_gaussian_attn": false,
      "camera_backbone": "yolo26"
    },
    "timing": {
      "lidar_branch": {
        "mean_ms": 14.512624034881592,
        "std_ms": 1.7987598074167028,
        "min_ms": 9.731552124023438,
        "max_ms": 19.00204849243164,
        "p50_ms": 14.479343891143799,
        "p95_ms": 17.310560131072997
      },
      "camera_branch": {
        "mean_ms": 25.480101470947265,
        "std_ms": 4.453935537720525,
        "min_ms": 19.035104751586914,
        "max_ms": 38.70390319824219,
        "p50_ms": 24.902864456176758,
        "p95_ms": 35.320082855224605
      },
      "fusion_block": {
        "mean_ms": 6.660852489471435,
        "std_ms": 0.23637569653378426,
        "min_ms": 6.2709760665893555,
        "max_ms": 7.456768035888672,
        "p50_ms": 6.585887908935547,
        "p95_ms": 7.072799921035767
      },
      "detection_head": {
        "mean_ms": 0.6067296028137207,
        "std_ms": 0.021243423709377048,
        "min_ms": 0.5652480125427246,
        "max_ms": 0.6727679967880249,
        "p50_ms": 0.606192022562027,
        "p95_ms": 0.6370816200971603
      },
      "net_forward": {
        "mean_ms": 47.260307502746585,
        "std_ms": 5.132020496661298,
        "min_ms": 38.30137634277344,
        "max_ms": 63.300254821777344,
        "p50_ms": 47.17024040222168,
        "p95_ms": 56.723163223266596
      },
      "decoder": {
        "mean_ms": 2.1175695599959,
        "std_ms": 1.901515315534464,
        "min_ms": 1.555951006594114,
        "max_ms": 20.924078999087214,
        "p50_ms": 1.8803780003509019,
        "p95_ms": 2.4076782992779044
      },
      "total_e2e": {
        "mean_ms": 49.377877062742485,
        "std_ms": 5.44877947436889,
        "min_ms": 40.0580163411214,
        "max_ms": 65.37547212652862,
        "p50_ms": 49.470658570178784,
        "p95_ms": 59.79225243811088
      },
      "summary": {
        "fps": 20.251984481417463,
        "fps_p50": 20.214002176288112,
        "mean_total_ms": 49.377877062742485,
        "p50_total_ms": 49.470658570178784
      }
    }
  }
}