{
  "train": [
    30.3139641502116,
    3.5439918142734186,
    2.437660297544876,
    1.96665287696489,
    1.6925837088782008,
    1.5768563687653825,
    1.4424943016676028,
    1.3135453126808205
  ],
  "val": [
    9.73990473433762,
    5.924424778301411,
    4.078705748142256,
    4.438980070777418,
    3.0716165043078494,
    3.2417468765202693,
    2.422256532569245,
    2.848213371026062
  ]
}