{
  "train": [
    16.861866645057603,
    2.1433728897335507,
    1.5004632573611665,
    1.234606460518766,
    1.1018339644711796,
    0.9752518725867318,
    0.9107355565422832,
    0.810996813507806
  ],
  "val": [
    2.9020733535908496,
    1.7578228783442487,
    1.6310361604222376,
    1.4333102766102161,
    1.394544288258239,
    1.4289831978484833,
    1.7647394786836985,
    1.5005744571955455
  ]
}