{
  "train": [
    19.86211530572117,
    2.4040160713219407,
    1.5946354814095072,
    1.277214903509853,
    1.0786447297523518,
    0.9403442078002608,
    0.8363571944434454,
    0.7548275350012107
  ],
  "val": [
    3.0007105514252475,
    1.8208425638172454,
    1.4890342148323785,
    1.4474854174163514,
    1.3997620464557183,
    1.4044270528615759,
    1.7601142955305873,
    1.495545624358947
  ]
}